shipping_id,order_id,shipping_date,shipping_method,tracking_number,status
1,313,2021-11-12,Two-Day,92-841-8020,Shipped
2,444,2022-04-03,In-Store Pickup,97-705-8469,Pending
3,6,2021-02-25,Express,31-989-1296,Delayed
4,82,2018-03-25,Express,23-569-6903,Failed Delivery
5,426,2018-09-29,In-Store Pickup,14-303-8179,Failed Delivery
6,140,2019-09-26,Standard,86-284-9208,Processing
7,317,2018-07-11,Same-Day,75-321-3383,Returned
8,335,2021-07-23,In-Store Pickup,10-269-3512,Delayed
9,592,2023-07-07,Express,62-571-8135,Returned
10,327,2018-04-18,Express,33-524-0407,Failed Delivery
11,440,2020-11-30,Standard,22-798-7793,Delayed
12,203,2023-12-05,Overnight,41-524-8349,Shipped
13,5,2020-10-02,Same-Day,60-561-5014,Delayed
14,402,2018-10-13,Two-Day,79-274-3123,Delayed
15,75,2023-09-30,Standard,81-825-7644,Pending
16,459,2023-01-13,Same-Day,38-569-1459,Delivered
17,37,2023-12-11,Express,44-528-7738,In Transit
18,197,2019-09-21,In-Store Pickup,12-583-1028,Canceled
19,362,2020-03-28,Overnight,67-691-2777,Processing
20,509,2019-06-26,Same-Day,47-929-3866,Processing
21,227,2021-12-02,Same-Day,45-097-9548,Canceled
22,495,2019-02-26,Standard,09-010-5240,Failed Delivery
23,504,2022-12-11,Overnight,28-793-8851,Delivered
24,464,2019-10-22,Two-Day,77-744-7838,Canceled
25,164,2023-06-02,Overnight,15-330-1192,Returned
26,189,2020-05-08,Same-Day,42-163-3751,Canceled
27,392,2018-03-24,Overnight,44-549-0014,Shipped
28,311,2019-10-09,Two-Day,46-996-1032,Pending
29,69,2023-08-27,Two-Day,75-518-7585,Returned
30,536,2019-05-31,Standard,57-759-0689,Processing
31,406,2021-06-10,Two-Day,32-561-8921,Pending
32,99,2021-03-23,Express,45-457-4578,Delivered
33,210,2021-04-25,In-Store Pickup,74-601-0422,In Transit
34,261,2023-11-04,Same-Day,93-048-4538,Delayed
35,293,2021-05-31,In-Store Pickup,57-255-8680,In Transit
36,163,2020-04-17,Two-Day,03-870-8199,Returned
37,380,2022-08-29,Express,69-141-5364,Delivered
38,332,2020-11-09,Same-Day,09-961-4860,Returned
39,40,2020-03-24,Same-Day,06-278-8267,Delivered
40,213,2023-11-07,Two-Day,65-281-9020,Processing
41,526,2020-11-22,Same-Day,88-182-1203,Delayed
42,247,2020-10-23,Express,15-259-4781,Shipped
43,506,2019-09-10,Overnight,37-835-1899,Delivered
44,297,2023-02-09,Two-Day,15-152-6243,Processing
45,364,2019-08-06,Overnight,75-766-9465,Canceled
46,77,2023-11-16,Overnight,52-252-1441,Pending
47,577,2018-08-20,Standard,99-149-5428,Pending
48,11,2019-05-03,Same-Day,92-299-2709,Delivered
49,95,2023-07-09,Express,85-693-9609,Processing
50,437,2020-06-23,Standard,70-928-2473,Pending
51,447,2020-02-16,Overnight,36-600-7780,Returned
52,448,2023-05-31,Express,22-332-6446,Returned
53,371,2019-09-21,In-Store Pickup,24-899-0520,Shipped
54,365,2021-05-03,In-Store Pickup,94-105-7904,Canceled
55,187,2021-11-10,Express,15-946-0042,Shipped
56,506,2018-12-01,In-Store Pickup,84-107-6702,Shipped
57,253,2021-04-02,Standard,53-219-3736,Canceled
58,438,2023-11-23,Express,09-908-5313,Returned
59,232,2021-11-25,Standard,25-493-6102,Delayed
60,312,2021-06-13,In-Store Pickup,31-542-2132,Failed Delivery
61,467,2019-07-10,Standard,54-398-2048,Delivered
62,3,2023-11-26,Standard,97-387-5830,Returned
63,538,2021-12-01,Same-Day,05-773-7986,Delayed
64,418,2022-04-08,Express,38-004-9925,Shipped
65,409,2022-12-11,Two-Day,09-253-9309,Delayed
66,372,2021-04-29,Overnight,60-985-9415,In Transit
67,178,2019-11-28,Same-Day,42-239-6040,Delivered
68,137,2021-05-02,Express,53-031-0719,Canceled
69,117,2019-01-28,Overnight,55-436-7441,Delayed
70,595,2023-08-28,Express,27-442-4004,Pending
71,338,2019-04-29,Two-Day,70-561-1596,Delivered
72,546,2021-03-16,Two-Day,37-379-2632,Shipped
73,322,2021-04-25,Two-Day,67-909-1333,Returned
74,140,2020-10-26,Overnight,52-053-9286,Delivered
75,475,2022-03-19,Overnight,31-573-1049,Pending
76,553,2022-02-07,Two-Day,25-683-9489,In Transit
77,163,2018-07-01,Two-Day,71-355-4235,Processing
78,395,2023-02-20,Overnight,17-346-0451,Delivered
79,78,2022-01-27,Same-Day,20-945-3182,Processing
80,389,2019-10-17,Standard,75-420-3827,Delivered
81,371,2020-05-26,In-Store Pickup,47-388-8342,Failed Delivery
82,462,2023-11-11,Same-Day,63-228-3606,Canceled
83,206,2021-02-20,Standard,43-549-3332,Canceled
84,16,2020-04-22,Same-Day,74-661-9893,Canceled
85,78,2020-02-05,Express,42-416-8105,Failed Delivery
86,306,2020-02-08,In-Store Pickup,72-796-5965,Processing
87,217,2018-04-02,Same-Day,72-604-2670,Canceled
88,273,2021-10-27,Overnight,18-021-9203,Delayed
89,416,2022-12-17,Standard,15-506-5789,Pending
90,441,2020-06-28,Standard,82-581-9393,Processing
91,2,2022-09-20,Two-Day,21-542-3364,Canceled
92,322,2021-04-03,Two-Day,41-019-5057,Returned
93,60,2019-12-03,Same-Day,26-632-9323,In Transit
94,189,2018-07-11,Two-Day,79-191-5570,Shipped
95,569,2021-01-30,Two-Day,16-407-2731,Delivered
96,169,2019-06-16,Standard,55-183-7263,Processing
97,141,2021-03-06,Standard,13-966-5613,Delayed
98,456,2022-08-07,Same-Day,30-441-5694,Failed Delivery
99,522,2020-01-20,Standard,05-170-1911,Processing
100,499,2021-12-17,In-Store Pickup,25-993-8023,Shipped
101,579,2022-05-30,Same-Day,86-109-6232,Failed Delivery
102,144,2023-08-09,Same-Day,70-515-5036,Failed Delivery
103,45,2023-04-10,Express,24-467-6165,Delayed
104,320,2021-09-28,Express,15-840-4315,Pending
105,231,2020-01-22,Standard,21-827-5141,Delayed
106,27,2022-02-13,Standard,94-595-4508,Failed Delivery
107,147,2019-12-15,Overnight,46-524-4065,Pending
108,246,2022-06-19,Standard,63-544-8551,Shipped
109,404,2020-06-25,Overnight,14-891-2069,Delivered
110,89,2018-11-28,Standard,79-001-2685,Processing
111,287,2023-10-03,Two-Day,98-750-5242,Delivered
112,527,2020-12-29,Two-Day,03-227-4042,Delivered
113,206,2018-03-19,Two-Day,74-097-1878,Canceled
114,125,2021-08-28,Same-Day,14-976-1752,Failed Delivery
115,203,2020-04-17,Two-Day,07-992-4285,Shipped
116,37,2020-10-09,Standard,12-838-0439,Delivered
117,473,2018-07-19,Standard,88-836-9516,Delivered
118,452,2019-04-02,Overnight,43-971-4997,In Transit
119,262,2021-08-03,Two-Day,50-420-8736,Delayed
120,397,2023-11-18,Express,66-707-5886,Shipped
121,398,2019-06-10,Express,77-187-6634,Shipped
122,340,2018-10-03,Overnight,83-088-4589,Processing
123,348,2021-04-27,Two-Day,12-090-4269,Failed Delivery
124,79,2023-02-18,In-Store Pickup,81-303-7086,Canceled
125,306,2020-12-06,Two-Day,31-608-8527,Returned
126,315,2020-11-27,Same-Day,04-234-8585,Returned
127,416,2023-01-05,Standard,36-379-9276,In Transit
128,85,2022-02-09,In-Store Pickup,51-577-9574,Delivered
129,44,2018-02-09,Same-Day,90-539-8971,Canceled
130,312,2019-03-22,Two-Day,80-063-3061,Failed Delivery
131,432,2019-05-05,Two-Day,06-314-9756,Delivered
132,165,2022-12-07,Express,41-523-0485,Failed Delivery
133,71,2019-04-17,Standard,29-176-2197,Returned
134,555,2019-10-27,Same-Day,84-481-4234,Returned
135,312,2021-04-21,Overnight,75-396-9715,Delayed
136,531,2021-03-08,Standard,39-091-7751,Processing
137,404,2020-10-29,Overnight,00-773-6983,Returned
138,511,2022-04-11,Same-Day,97-494-0592,Processing
139,138,2021-05-21,In-Store Pickup,40-369-3083,Delivered
140,317,2020-04-25,Express,72-952-2154,Pending
141,17,2023-02-15,In-Store Pickup,24-755-3353,Delayed
142,590,2020-08-30,Two-Day,75-930-6839,Failed Delivery
143,126,2022-10-21,Two-Day,37-398-8099,Processing
144,209,2020-04-13,Overnight,41-663-9563,In Transit
145,443,2022-03-31,Same-Day,60-305-4141,Shipped
146,46,2019-03-02,Same-Day,42-319-2564,Delivered
147,519,2022-07-06,Express,55-316-1602,Shipped
148,40,2019-06-10,Overnight,99-132-7924,Delayed
149,94,2021-02-20,Standard,41-888-2600,Delayed
150,473,2018-03-22,Overnight,51-640-3627,In Transit
151,555,2020-04-30,In-Store Pickup,27-887-0121,In Transit
152,257,2021-10-20,Express,43-360-4494,Failed Delivery
153,147,2019-02-08,In-Store Pickup,14-780-1478,Failed Delivery
154,532,2023-03-18,Same-Day,58-578-5346,Processing
155,232,2021-09-25,Express,89-375-0156,Failed Delivery
156,68,2023-06-11,Overnight,88-235-3352,Processing
157,194,2022-04-08,Same-Day,78-413-1043,In Transit
158,110,2021-10-07,Standard,22-696-8956,Delayed
159,512,2019-10-15,Overnight,83-119-8722,Delivered
160,456,2019-12-28,Overnight,61-252-8582,In Transit
161,447,2022-10-03,Same-Day,28-817-2840,Delayed
162,2,2021-10-13,In-Store Pickup,44-907-4198,Processing
163,469,2023-11-08,Standard,08-866-7687,In Transit
164,84,2020-07-13,Two-Day,83-951-3674,In Transit
165,280,2021-08-04,Standard,27-556-0185,Delayed
166,229,2022-07-10,In-Store Pickup,28-125-5083,Delayed
167,542,2019-11-30,Same-Day,33-238-1559,Pending
168,198,2022-06-26,In-Store Pickup,41-967-7603,Delayed
169,585,2021-12-28,Overnight,73-409-3024,Delivered
170,73,2019-02-10,Express,95-419-1076,Delivered
171,131,2021-09-08,Overnight,44-619-9754,Delayed
172,259,2020-06-07,Two-Day,47-862-8684,Canceled
173,475,2021-08-05,Same-Day,57-067-2089,Failed Delivery
174,192,2021-01-16,In-Store Pickup,67-515-7704,In Transit
175,131,2022-12-18,Overnight,54-328-9025,Returned
176,95,2020-10-14,Overnight,99-879-7426,Processing
177,427,2019-07-21,Two-Day,09-923-2758,Returned
178,402,2021-05-23,Same-Day,22-047-9511,Processing
179,67,2022-01-07,Overnight,88-581-3370,Delayed
180,204,2020-06-12,In-Store Pickup,84-152-0483,Canceled
181,572,2018-03-23,In-Store Pickup,80-010-4849,In Transit
182,209,2022-03-10,Express,35-189-3879,Processing
183,575,2019-12-05,Two-Day,44-819-7552,Delivered
184,439,2023-09-11,Two-Day,84-796-3948,Shipped
185,354,2019-02-08,Standard,40-415-0210,Canceled
186,136,2020-06-14,Two-Day,58-417-5955,Pending
187,591,2021-11-23,Two-Day,81-654-5446,Canceled
188,301,2018-10-17,Express,05-565-2123,In Transit
189,460,2023-07-08,Express,11-261-1180,Canceled
190,254,2021-07-09,Same-Day,77-241-1792,Shipped
191,503,2022-11-22,Standard,84-404-2416,Delayed
192,598,2019-08-04,Express,25-680-4842,Delivered
193,502,2019-04-23,Same-Day,02-636-2278,Failed Delivery
194,103,2021-11-05,In-Store Pickup,91-339-2071,Shipped
195,423,2019-03-12,Standard,35-874-4775,Canceled
196,42,2020-10-29,Two-Day,91-082-3788,In Transit
197,468,2020-11-08,Two-Day,74-870-0821,Processing
198,439,2020-11-10,In-Store Pickup,67-876-4866,Processing
199,137,2021-09-10,Overnight,29-108-1472,Processing
200,364,2021-04-27,Overnight,77-832-5451,Returned
201,90,2021-07-12,Express,09-634-5726,Failed Delivery
202,495,2018-06-09,In-Store Pickup,93-412-5103,Delivered
203,484,2022-01-24,Overnight,88-532-5183,Pending
204,433,2018-07-26,Overnight,22-795-5744,Canceled
205,85,2022-03-03,Same-Day,99-479-0540,Delayed
206,272,2021-11-19,Overnight,30-172-5982,Failed Delivery
207,278,2023-02-05,Overnight,71-549-4810,Shipped
208,336,2023-06-06,Same-Day,92-813-6512,Delivered
209,287,2018-11-24,Standard,25-367-9764,Delivered
210,92,2022-02-20,Overnight,52-545-2402,Processing
211,45,2022-08-15,Two-Day,80-651-3375,In Transit
212,543,2022-02-12,Same-Day,70-136-5224,Canceled
213,357,2022-06-10,Standard,29-870-3458,Pending
214,277,2020-03-14,Express,24-649-4350,Canceled
215,210,2021-01-01,Same-Day,91-268-6039,Canceled
216,391,2018-10-05,In-Store Pickup,56-817-1053,Processing
217,326,2020-02-09,Same-Day,91-905-4630,Canceled
218,343,2023-05-21,Express,97-228-9738,Failed Delivery
219,341,2021-12-24,Same-Day,46-103-2531,Delivered
220,67,2020-04-28,Overnight,60-977-7996,Delayed
221,10,2022-10-10,Standard,75-832-8355,Delivered
222,9,2023-05-10,In-Store Pickup,86-452-0980,Returned
223,493,2022-05-29,Standard,06-529-9432,Shipped
224,320,2019-07-02,Same-Day,05-368-5609,In Transit
225,446,2022-09-23,Express,91-330-6772,Shipped
226,25,2018-11-27,Standard,23-206-6541,Returned
227,188,2020-12-17,In-Store Pickup,33-089-8596,Failed Delivery
228,528,2019-08-14,Standard,09-788-6861,Canceled
229,34,2019-04-20,Express,88-191-8864,Delayed
230,396,2021-05-30,In-Store Pickup,46-906-9993,Canceled
231,59,2020-08-29,Same-Day,31-237-2443,Delayed
232,51,2023-01-07,Express,02-241-1274,Canceled
233,577,2022-12-10,Two-Day,27-327-8111,In Transit
234,413,2018-11-30,Two-Day,51-961-0299,Processing
235,146,2020-06-13,Standard,60-855-6917,In Transit
236,558,2023-06-21,Two-Day,43-758-5122,In Transit
237,284,2022-04-13,In-Store Pickup,24-870-7486,Failed Delivery
238,210,2021-04-14,Express,20-666-7247,Delivered
239,419,2019-01-09,Standard,42-796-5092,Canceled
240,451,2018-11-13,Standard,85-165-0160,In Transit
241,460,2022-07-26,Standard,23-825-6631,Shipped
242,72,2021-01-31,Two-Day,56-886-6848,Failed Delivery
243,157,2022-03-06,Standard,39-601-2193,Shipped
244,42,2020-08-31,Standard,29-234-4036,Returned
245,266,2023-01-16,Express,71-508-0542,Delayed
246,470,2021-05-26,Express,07-234-5876,Shipped
247,404,2023-03-13,Standard,64-242-4959,Returned
248,440,2022-09-02,Same-Day,55-976-1121,Pending
249,13,2018-03-03,Same-Day,44-074-2299,Shipped
250,403,2022-04-18,In-Store Pickup,91-035-5606,Returned
251,27,2018-07-26,Overnight,18-812-5332,In Transit
252,247,2022-10-30,In-Store Pickup,79-303-4778,Failed Delivery
253,471,2022-07-01,Express,55-713-3280,Delivered
254,302,2023-10-19,In-Store Pickup,65-947-3191,Pending
255,585,2022-08-27,Overnight,76-427-5159,Failed Delivery
256,404,2023-02-15,Same-Day,73-632-0358,Failed Delivery
257,319,2018-03-05,Standard,45-281-2227,Pending
258,591,2019-02-06,Express,13-707-3806,Shipped
259,27,2021-05-06,Overnight,19-695-6117,Canceled
260,312,2019-08-24,In-Store Pickup,73-199-5192,Shipped
261,169,2018-02-01,Two-Day,33-277-7909,Delivered
262,56,2019-04-23,Overnight,44-577-3970,In Transit
263,222,2018-12-15,In-Store Pickup,67-208-3564,Failed Delivery
264,468,2023-01-22,In-Store Pickup,33-803-4451,Processing
265,196,2018-10-15,Overnight,99-062-0130,Shipped
266,583,2022-03-13,In-Store Pickup,67-324-5650,Delayed
267,335,2023-07-24,Express,07-515-2803,Returned
268,148,2018-10-11,Two-Day,77-425-2880,In Transit
269,240,2020-07-06,Express,90-766-9772,Delayed
270,371,2018-10-24,Two-Day,00-136-1266,Canceled
271,81,2018-03-23,Same-Day,28-865-1534,Delayed
272,188,2019-02-28,Express,31-836-1334,Pending
273,441,2023-08-01,Same-Day,07-395-0551,Shipped
274,464,2020-08-04,Standard,40-186-9325,Canceled
275,30,2021-12-31,In-Store Pickup,36-809-8087,Canceled
276,196,2018-06-13,Express,80-885-3577,Pending
277,272,2019-10-13,Express,56-197-9190,In Transit
278,520,2018-08-12,Two-Day,12-051-1808,Failed Delivery
279,176,2019-11-12,Same-Day,30-377-9376,Processing
280,290,2023-11-01,Overnight,34-552-6700,Pending
281,205,2018-11-25,Overnight,52-490-5357,Canceled
282,108,2018-09-15,Overnight,32-649-6987,In Transit
283,320,2018-02-19,Two-Day,19-576-9190,Shipped
284,6,2020-02-07,In-Store Pickup,57-016-3344,Processing
285,249,2018-05-11,Standard,46-362-9037,Pending
286,373,2021-07-05,In-Store Pickup,97-841-5521,Failed Delivery
287,253,2018-07-01,Express,87-104-2079,Canceled
288,193,2020-10-26,Overnight,97-018-6717,Processing
289,113,2023-09-13,In-Store Pickup,56-274-6175,Shipped
290,261,2023-01-08,Overnight,77-861-7099,Shipped
291,423,2023-06-05,Same-Day,79-170-4268,Failed Delivery
292,320,2019-12-10,Standard,29-310-4930,Returned
293,153,2021-12-24,Two-Day,84-660-4984,Returned
294,396,2020-05-21,Overnight,51-948-0003,Canceled
295,283,2018-08-30,Express,11-028-0544,In Transit
296,281,2018-07-11,Express,19-683-7994,Shipped
297,10,2018-11-22,Two-Day,35-125-8033,Canceled
298,587,2023-09-19,Two-Day,85-040-8842,In Transit
299,174,2022-12-14,Same-Day,23-137-0327,In Transit
300,333,2020-11-21,Two-Day,15-299-4704,Processing
301,475,2020-12-26,Overnight,00-044-9263,In Transit
302,138,2018-06-19,Standard,08-284-1712,Delayed
303,18,2023-03-31,Express,02-040-0201,Processing
304,134,2023-06-11,Standard,84-237-1708,Delayed
305,285,2019-07-14,Same-Day,20-588-0081,Canceled
306,373,2022-06-09,Two-Day,33-946-5047,Delivered
307,450,2020-07-08,Standard,06-859-6098,Shipped
308,533,2022-02-15,Overnight,87-143-7688,Returned
309,363,2023-02-10,Overnight,23-052-6394,In Transit
310,482,2019-01-07,Two-Day,88-569-4993,Returned
311,332,2022-06-16,Same-Day,97-642-9394,Pending
312,126,2022-07-03,Same-Day,20-339-3012,Failed Delivery
313,315,2022-07-04,In-Store Pickup,06-354-2546,Processing
314,306,2022-07-28,In-Store Pickup,69-102-6437,Processing
315,437,2019-12-08,Same-Day,21-930-3765,Processing
316,465,2022-03-31,Express,93-239-9588,Delayed
317,327,2018-11-14,Overnight,24-089-7420,Shipped
318,315,2018-10-03,Overnight,39-832-3848,In Transit
319,172,2022-12-13,Overnight,53-258-1040,Pending
320,415,2022-08-18,Same-Day,59-196-9934,Delivered
321,467,2022-01-29,Express,01-981-9376,Delivered
322,189,2018-11-04,Overnight,05-068-7349,Pending
323,579,2020-09-22,Same-Day,32-625-2026,Delivered
324,465,2018-12-23,In-Store Pickup,93-173-4660,Delivered
325,366,2019-03-11,Same-Day,02-301-3511,Returned
326,521,2019-03-23,Overnight,87-251-8932,Shipped
327,447,2020-06-07,Two-Day,79-739-1596,Pending
328,386,2019-09-16,Same-Day,39-547-4441,Delayed
329,47,2019-12-09,Two-Day,79-917-6577,Returned
330,119,2019-07-03,Express,37-303-1295,Processing
331,435,2019-09-22,Standard,97-331-2081,Processing
332,568,2023-09-30,Express,55-947-7607,Pending
333,192,2023-09-01,Two-Day,58-579-2290,Processing
334,250,2019-11-26,Standard,09-822-8637,In Transit
335,376,2018-04-28,In-Store Pickup,24-950-0305,Processing
336,494,2022-06-13,In-Store Pickup,44-613-9737,Shipped
337,114,2020-03-14,Overnight,74-363-8767,Returned
338,358,2022-11-30,Two-Day,30-185-3786,Delayed
339,403,2022-08-18,In-Store Pickup,47-442-0672,In Transit
340,564,2019-09-10,Overnight,73-625-4348,Delivered
341,79,2021-04-03,Two-Day,60-673-7323,Failed Delivery
342,357,2019-11-09,Express,61-004-7609,Processing
343,528,2023-07-22,Same-Day,20-344-9533,Delivered
344,231,2021-03-14,Overnight,58-554-0198,Failed Delivery
345,336,2018-05-08,In-Store Pickup,35-270-2821,Returned
346,380,2023-04-10,Standard,92-344-6504,Processing
347,51,2021-01-08,In-Store Pickup,50-355-9937,In Transit
348,382,2021-06-25,Express,66-571-1624,Returned
349,448,2020-12-11,Overnight,32-426-3902,Pending
350,265,2020-08-29,Overnight,15-551-1058,Canceled
351,589,2023-03-26,Express,47-770-9648,Failed Delivery
352,84,2019-04-09,Same-Day,08-846-9659,Returned
353,448,2021-01-05,In-Store Pickup,95-104-4130,Failed Delivery
354,77,2021-07-25,Overnight,09-913-6077,Pending
355,554,2018-08-20,In-Store Pickup,56-298-2478,Processing
356,447,2019-11-28,Same-Day,64-534-7905,Failed Delivery
357,220,2020-01-15,Two-Day,75-279-2537,Pending
358,238,2020-09-06,Express,98-033-7544,Pending
359,418,2022-07-07,Express,84-585-7283,Failed Delivery
360,93,2020-05-08,In-Store Pickup,50-076-9607,Failed Delivery
361,257,2022-12-24,Same-Day,61-200-8597,Delivered
362,233,2023-01-18,Overnight,16-110-9234,Pending
363,289,2023-04-19,Express,62-588-7874,Delivered
364,427,2019-09-13,Express,92-065-0493,Processing
365,57,2023-04-08,Same-Day,63-052-4206,Processing
366,554,2023-02-01,In-Store Pickup,59-430-8649,Failed Delivery
367,220,2020-04-30,Two-Day,40-334-4572,In Transit
368,387,2022-08-03,Express,31-522-2449,Shipped
369,183,2020-12-31,In-Store Pickup,71-338-9831,Delayed
370,200,2021-03-27,Express,24-016-2272,Delivered
371,394,2021-05-17,Overnight,44-697-6387,Delivered
372,305,2018-06-06,Standard,34-872-9924,In Transit
373,44,2020-07-22,Same-Day,13-496-2624,Returned
374,71,2020-09-01,In-Store Pickup,27-711-9592,Delivered
375,7,2018-08-13,Two-Day,40-121-0022,In Transit
376,358,2022-08-24,In-Store Pickup,23-252-0458,Delayed
377,283,2018-10-07,Standard,22-291-0251,Canceled
378,501,2022-12-15,Express,34-676-0668,Delayed
379,600,2021-11-24,Express,88-173-5885,In Transit
380,11,2022-05-08,In-Store Pickup,87-771-3790,Pending
381,496,2021-07-11,Two-Day,59-736-3328,Canceled
382,518,2023-09-13,Same-Day,99-435-8920,Failed Delivery
383,337,2019-05-15,Express,55-851-3443,Delayed
384,338,2018-04-23,Overnight,08-380-5136,In Transit
385,504,2020-07-01,Same-Day,11-645-0421,Shipped
386,263,2020-11-28,Two-Day,25-175-6791,Canceled
387,268,2020-02-23,Two-Day,64-803-9009,Returned
388,496,2022-08-13,Express,84-835-6783,Delivered
389,576,2023-08-10,Same-Day,81-379-4840,Returned
390,445,2020-04-11,Overnight,37-856-5152,In Transit
391,405,2019-09-08,Two-Day,73-153-4853,Processing
392,328,2021-01-13,Same-Day,83-001-9578,Canceled
393,482,2019-03-20,Standard,03-160-9234,Failed Delivery
394,92,2022-08-01,Two-Day,02-164-2436,Canceled
395,220,2018-09-27,Overnight,27-743-7923,Delivered
396,205,2019-10-08,Two-Day,20-287-4830,Delayed
397,489,2019-06-13,Express,94-937-9899,Delayed
398,85,2019-09-30,Overnight,31-813-6560,Canceled
399,136,2018-05-27,In-Store Pickup,37-085-6148,Failed Delivery
400,425,2019-02-26,Same-Day,15-060-2974,Canceled
401,280,2022-11-18,Two-Day,04-670-7477,Failed Delivery
402,100,2021-05-19,Same-Day,55-780-1398,In Transit
403,301,2019-11-29,Standard,18-306-7559,Pending
404,366,2019-07-12,Two-Day,25-501-1408,Canceled
405,411,2022-02-12,Express,14-883-4070,Delayed
406,434,2022-10-20,Same-Day,54-006-7062,Delayed
407,374,2020-06-07,Standard,14-993-4767,Returned
408,258,2022-12-16,Standard,31-710-1415,Shipped
409,131,2019-05-20,Express,84-981-0915,Delayed
410,68,2020-09-12,Standard,98-769-7532,Pending
411,72,2022-10-21,Express,96-492-3066,In Transit
412,168,2019-03-31,Standard,85-583-6109,Shipped
413,558,2021-03-01,Same-Day,70-048-3976,In Transit
414,479,2019-03-22,Standard,20-778-0116,Delivered
415,325,2020-05-31,Same-Day,93-885-3084,Processing
416,317,2020-08-01,Same-Day,28-623-1604,Canceled
417,391,2021-09-20,Two-Day,90-420-2175,Delivered
418,389,2021-10-30,Two-Day,61-945-6274,Delivered
419,166,2021-12-31,In-Store Pickup,52-098-2972,Returned
420,545,2019-02-15,Standard,13-353-6777,Failed Delivery
421,15,2022-07-03,In-Store Pickup,58-193-6405,Returned
422,120,2021-08-16,Standard,45-036-7132,Returned
423,218,2019-09-25,Standard,65-429-1786,Delivered
424,352,2019-01-23,Same-Day,15-800-0788,In Transit
425,406,2022-04-04,Express,45-863-7327,Delayed
426,445,2018-06-30,Overnight,12-106-1654,Shipped
427,46,2022-03-21,In-Store Pickup,08-911-9644,In Transit
428,525,2023-11-07,Overnight,37-597-6254,Returned
429,419,2020-05-04,Two-Day,59-854-3649,Canceled
430,9,2023-05-26,Express,63-058-6989,Shipped
431,10,2020-05-23,Overnight,67-033-7412,Canceled
432,308,2021-09-14,Same-Day,86-163-6297,Shipped
433,276,2023-06-24,Overnight,38-708-3857,In Transit
434,562,2020-11-17,Two-Day,79-196-4236,Shipped
435,83,2023-01-20,In-Store Pickup,20-129-8076,Shipped
436,304,2022-08-05,Overnight,21-785-6838,Failed Delivery
437,412,2021-03-04,Same-Day,09-176-9414,Failed Delivery
438,142,2021-04-21,Standard,78-856-5979,Canceled
439,65,2022-01-06,Standard,46-573-2279,Canceled
440,561,2020-10-16,Overnight,89-185-6112,Pending
441,341,2023-02-07,Standard,02-441-5866,Shipped
442,119,2020-12-31,Standard,04-495-1034,In Transit
443,12,2023-10-12,Standard,92-875-7147,Canceled
444,582,2023-08-06,Express,79-377-2558,Shipped
445,532,2020-01-07,Same-Day,55-233-0770,Pending
446,280,2020-06-18,Standard,89-545-3476,Failed Delivery
447,108,2019-05-27,Same-Day,31-678-7618,Returned
448,392,2023-05-27,Overnight,61-199-5360,Failed Delivery
449,52,2021-05-15,Overnight,37-912-6602,Processing
450,1,2019-08-27,Overnight,56-892-5207,Failed Delivery
451,209,2019-12-18,Same-Day,94-472-9188,Delivered
452,462,2019-06-07,Same-Day,22-616-8671,Delayed
453,459,2022-06-29,Overnight,40-938-9028,Processing
454,294,2020-06-11,Express,16-450-8167,In Transit
455,108,2020-03-07,Same-Day,44-845-1161,Processing
456,501,2019-05-17,Same-Day,32-840-6104,Shipped
457,512,2018-09-09,In-Store Pickup,07-401-7206,In Transit
458,82,2022-01-25,Two-Day,38-287-2839,Failed Delivery
459,151,2023-12-11,In-Store Pickup,82-360-6006,Delivered
460,354,2018-10-21,Express,35-995-6842,In Transit
461,270,2021-07-16,Express,39-063-8932,Shipped
462,350,2021-08-13,In-Store Pickup,88-573-2934,Returned
463,103,2020-03-24,Standard,24-839-9096,Processing
464,276,2020-04-02,Express,66-385-4922,Delayed
465,162,2023-01-18,Standard,28-932-1505,Shipped
466,11,2023-10-24,In-Store Pickup,51-382-4708,Pending
467,31,2018-06-12,Standard,22-346-7423,Shipped
468,550,2021-08-08,Standard,43-072-1945,Pending
469,240,2019-03-03,Overnight,44-764-5734,Delivered
470,484,2020-07-24,Two-Day,92-206-9742,Shipped
471,46,2019-09-06,Standard,54-419-7619,Delayed
472,315,2021-09-25,Same-Day,45-677-6528,Pending
473,209,2020-02-28,Express,18-539-8210,Returned
474,551,2022-03-12,Standard,40-334-0913,Canceled
475,316,2018-05-17,Overnight,78-145-3181,Delayed
476,552,2023-02-08,Same-Day,36-272-4026,Processing
477,431,2019-01-02,Express,61-588-0817,Pending
478,372,2018-04-12,Same-Day,55-633-7426,Shipped
479,322,2020-05-02,Standard,12-623-2097,Pending
480,503,2022-03-17,Same-Day,13-539-7977,In Transit
481,361,2021-02-03,Standard,97-573-3441,Canceled
482,340,2018-05-07,Same-Day,29-179-6774,In Transit
483,443,2019-08-28,Express,43-446-6830,Pending
484,209,2018-09-17,Overnight,45-263-0031,Processing
485,302,2020-03-06,Standard,07-915-3580,Delayed
486,324,2021-07-07,In-Store Pickup,65-026-7323,Delivered
487,26,2019-07-16,Overnight,00-800-9825,Failed Delivery
488,541,2018-01-01,Two-Day,96-073-5764,Processing
489,558,2021-07-14,Standard,53-661-2609,Delivered
490,273,2023-02-28,Standard,14-420-5975,Delayed
491,342,2022-12-21,Standard,01-907-0594,Failed Delivery
492,559,2019-01-22,Express,16-243-1253,Delivered
493,255,2021-07-07,Same-Day,83-780-3482,Delivered
494,203,2023-05-12,In-Store Pickup,46-162-2475,Delivered
495,111,2019-03-01,In-Store Pickup,08-885-4376,In Transit
496,247,2022-02-21,Express,93-287-1806,Processing
497,591,2019-01-19,Standard,88-625-9675,In Transit
498,560,2023-01-19,Overnight,92-988-3075,Pending
499,404,2023-09-26,Express,82-730-3313,Returned
500,577,2018-12-31,In-Store Pickup,10-761-4197,Delivered
501,458,2022-03-07,In-Store Pickup,41-163-1653,Shipped
502,31,2021-04-12,Two-Day,31-129-1677,Shipped
503,177,2018-03-31,Same-Day,34-242-2537,Delivered
504,594,2019-09-04,In-Store Pickup,70-057-2370,Failed Delivery
505,318,2021-12-31,Two-Day,60-898-1379,In Transit
506,481,2023-03-02,Same-Day,82-164-0041,Processing
507,293,2022-01-07,In-Store Pickup,69-817-6601,In Transit
508,383,2022-05-02,Overnight,17-177-0897,Shipped
509,471,2023-07-25,Standard,62-698-8929,In Transit
510,504,2022-05-02,Standard,97-575-1935,Returned
511,521,2020-12-28,Overnight,54-245-2813,Canceled
512,492,2023-11-14,Same-Day,37-504-7421,Processing
513,537,2022-07-08,Express,76-103-1611,Processing
514,231,2021-07-29,Two-Day,25-513-5275,Canceled
515,186,2018-01-07,In-Store Pickup,86-474-5805,Shipped
516,100,2021-10-29,Two-Day,10-709-2313,Pending
517,477,2019-07-13,Express,74-715-2799,Delayed
518,592,2020-08-25,Overnight,85-091-6708,In Transit
519,313,2018-09-28,Express,59-329-4232,Failed Delivery
520,352,2023-06-21,Express,94-099-6210,Shipped
521,334,2022-09-25,Express,30-279-5191,Shipped
522,219,2023-10-11,Overnight,81-523-9013,In Transit
523,289,2022-08-25,Two-Day,30-273-6242,Delayed
524,581,2018-05-30,Standard,96-965-1500,Shipped
525,203,2022-04-17,Same-Day,66-306-4686,Pending
526,588,2021-02-16,Overnight,42-968-7707,Failed Delivery
527,92,2021-12-18,Overnight,37-974-5772,Delayed
528,133,2023-06-15,Standard,63-559-6274,In Transit
529,440,2020-10-08,Standard,77-056-9729,Shipped
530,246,2018-06-06,In-Store Pickup,93-782-4368,In Transit
531,422,2020-12-06,Express,02-162-8283,Returned
532,184,2019-02-05,Same-Day,12-867-9272,In Transit
533,586,2021-02-03,Express,10-225-8499,Failed Delivery
534,583,2022-10-05,Same-Day,73-627-5445,Failed Delivery
535,329,2022-08-27,Express,97-983-6241,Pending
536,137,2019-09-23,Express,71-738-0760,Processing
537,573,2020-12-04,Two-Day,97-650-0125,Delayed
538,487,2018-01-24,Overnight,39-404-8590,Delivered
539,78,2020-09-05,Express,48-614-1726,Delivered
540,305,2021-04-13,Standard,68-101-7969,Canceled
541,191,2021-06-22,Two-Day,24-504-5012,Delayed
542,267,2018-03-04,Express,71-584-2444,Pending
543,587,2019-11-08,Standard,50-710-9729,Pending
544,192,2021-12-25,In-Store Pickup,84-221-4130,Returned
545,200,2020-07-14,Two-Day,74-785-6716,Shipped
546,177,2018-05-07,Same-Day,80-386-7596,Processing
547,26,2022-09-14,Express,06-502-4885,Failed Delivery
548,403,2021-05-05,Express,10-272-4677,In Transit
549,181,2020-01-07,Express,73-462-9272,Returned
550,178,2018-03-13,In-Store Pickup,01-657-9017,Delivered
551,486,2023-10-22,Standard,78-287-3070,Delivered
552,54,2021-12-02,Same-Day,44-793-9365,Processing
553,72,2023-06-10,Overnight,04-101-9587,Delayed
554,262,2018-06-04,In-Store Pickup,90-046-1800,Pending
555,444,2021-10-05,Express,27-995-0306,Delivered
556,553,2021-12-09,Overnight,69-105-3695,Delayed
557,277,2020-07-30,Express,73-422-9708,Shipped
558,364,2022-07-29,Two-Day,17-468-3790,Delivered
559,226,2020-07-25,Express,45-680-2368,Delayed
560,147,2018-06-02,In-Store Pickup,01-005-5628,Delayed
561,580,2021-03-17,Two-Day,81-302-5116,Shipped
562,248,2022-12-06,Two-Day,44-840-2620,Pending
563,373,2021-04-06,Two-Day,72-567-4451,Processing
564,557,2020-11-06,Same-Day,22-397-3920,Shipped
565,222,2022-09-12,Express,66-673-9649,Pending
566,321,2022-05-14,In-Store Pickup,37-185-5304,Delayed
567,178,2022-07-02,Standard,70-841-0089,Failed Delivery
568,517,2020-09-14,Two-Day,08-667-4380,Pending
569,33,2018-01-06,Same-Day,97-978-4536,In Transit
570,325,2018-03-09,In-Store Pickup,14-278-7676,Failed Delivery
571,378,2018-05-20,Standard,45-015-8296,Shipped
572,348,2021-10-08,Express,63-141-5121,Delivered
573,152,2022-03-01,Same-Day,34-358-0228,Pending
574,562,2022-11-27,Overnight,95-529-6496,Processing
575,277,2021-05-13,In-Store Pickup,82-969-1104,Canceled
576,198,2023-09-23,In-Store Pickup,27-746-3274,Shipped
577,283,2019-09-21,Express,51-960-7388,Pending
578,58,2019-10-22,Same-Day,28-854-3198,In Transit
579,69,2018-09-05,Two-Day,37-067-4292,Processing
580,242,2020-03-03,In-Store Pickup,55-858-4462,Delivered
581,509,2021-01-01,Same-Day,85-113-5357,Delayed
582,494,2019-05-12,Standard,43-773-2105,Delivered
583,172,2021-01-24,Same-Day,90-079-9203,Failed Delivery
584,64,2023-03-06,Standard,65-956-3599,Processing
585,506,2018-11-03,In-Store Pickup,76-153-6424,Failed Delivery
586,423,2021-08-14,Same-Day,40-556-8165,Delivered
587,438,2019-09-30,Two-Day,19-246-8744,Failed Delivery
588,299,2019-11-08,Two-Day,49-906-8246,Failed Delivery
589,356,2023-02-24,In-Store Pickup,01-101-1037,Shipped
590,421,2020-10-04,Express,22-100-0491,Delivered
591,355,2022-01-10,Overnight,75-952-6920,Shipped
592,206,2022-08-08,Overnight,48-273-1193,Pending
593,117,2021-08-11,Overnight,82-199-7203,Delivered
594,156,2021-11-12,In-Store Pickup,47-485-2378,Returned
595,424,2020-07-27,Overnight,14-344-8907,Shipped
596,516,2023-05-13,Overnight,98-843-6515,Delayed
597,460,2019-07-21,Standard,02-557-8044,In Transit
598,533,2018-01-28,Two-Day,59-034-3810,Delivered
599,257,2020-10-18,Overnight,71-243-3825,Failed Delivery
600,399,2020-07-22,In-Store Pickup,62-785-5708,Canceled
601,50,2023-01-29,Two-Day,19-194-3031,Canceled
602,304,2021-04-22,Express,12-633-3038,Delivered
603,391,2020-10-09,Two-Day,35-628-0482,In Transit
604,541,2019-01-25,Express,07-201-4395,Delivered
605,469,2020-08-02,Same-Day,55-222-5303,Delivered
606,22,2022-11-28,Express,62-548-5133,Returned
607,320,2023-06-02,Two-Day,43-319-7706,Shipped
608,15,2020-06-27,Express,27-617-1957,Delayed
609,123,2023-05-31,Two-Day,93-981-0791,Processing
610,522,2022-07-18,Overnight,08-183-7649,Returned
611,30,2021-03-29,Standard,68-085-2013,Canceled
612,42,2020-11-11,Standard,96-694-1566,Shipped
613,544,2021-04-12,Express,74-525-5101,Pending
614,5,2019-07-28,In-Store Pickup,20-898-4977,Delayed
615,451,2023-01-01,Standard,86-270-5267,Shipped
616,121,2023-05-06,Overnight,83-430-2720,Returned
617,350,2018-07-12,Standard,41-827-6865,Failed Delivery
618,232,2018-09-13,In-Store Pickup,11-629-9437,Delayed
619,397,2018-07-20,Overnight,03-378-3584,Pending
620,357,2023-11-10,Two-Day,12-217-9460,Returned
621,234,2023-03-03,Two-Day,16-766-9098,Delivered
622,192,2019-06-22,Express,46-007-3831,Processing
623,34,2018-04-10,In-Store Pickup,32-168-1267,Canceled
624,50,2021-09-25,In-Store Pickup,59-811-6987,Failed Delivery
625,402,2018-02-12,Express,71-342-8122,Processing
626,138,2020-06-27,In-Store Pickup,99-569-5757,Shipped
627,338,2018-03-18,Two-Day,57-159-1990,Returned
628,435,2022-04-29,Two-Day,64-276-0115,In Transit
629,562,2020-05-08,Express,61-063-0837,Pending
630,222,2023-01-13,Same-Day,43-350-1403,In Transit
631,585,2020-10-14,Two-Day,40-173-6349,Delivered
632,405,2020-06-20,Two-Day,98-488-4128,In Transit
633,270,2022-02-16,Standard,86-814-3502,Failed Delivery
634,511,2021-11-06,In-Store Pickup,39-127-2105,Shipped
635,276,2021-01-09,In-Store Pickup,38-400-8567,In Transit
636,262,2018-11-15,Express,65-920-1782,Delivered
637,488,2022-09-05,Standard,61-943-7658,Returned
638,455,2021-05-15,Two-Day,82-652-7573,Canceled
639,183,2018-08-04,Standard,44-292-2457,Canceled
640,161,2020-09-23,Same-Day,08-315-3324,Processing
641,583,2019-08-21,Overnight,04-233-4594,Canceled
642,71,2023-08-16,In-Store Pickup,51-699-1420,Canceled
643,115,2021-03-04,Express,85-211-1168,In Transit
644,257,2020-01-23,Standard,05-035-9102,Delayed
645,5,2020-12-10,In-Store Pickup,97-844-2747,Returned
646,24,2022-04-25,Two-Day,14-034-6112,Delivered
647,433,2018-08-12,Express,60-042-8727,Returned
648,457,2022-05-07,Same-Day,73-680-9171,In Transit
649,105,2020-08-19,Same-Day,01-151-1854,Processing
650,113,2020-09-07,Same-Day,79-349-7512,Shipped
651,410,2023-03-12,In-Store Pickup,28-667-5459,Canceled
652,162,2019-10-02,Same-Day,47-148-3861,Processing
653,214,2022-08-20,In-Store Pickup,02-947-5934,Processing
654,592,2020-05-27,Overnight,44-014-1088,Shipped
655,486,2021-02-18,Overnight,24-067-2833,Delayed
656,194,2019-09-07,Same-Day,73-382-3669,Delayed
657,75,2021-09-19,Two-Day,32-337-1664,Processing
658,60,2019-09-08,Overnight,22-198-4045,In Transit
659,572,2022-01-05,In-Store Pickup,97-319-3880,In Transit
660,77,2021-05-08,Overnight,79-605-1014,Canceled
661,101,2018-10-27,Overnight,22-390-5635,Failed Delivery
662,61,2020-12-05,Overnight,45-133-1014,Processing
663,562,2019-09-19,In-Store Pickup,24-491-6140,Returned
664,459,2018-04-24,Same-Day,25-602-9364,Canceled
665,588,2023-08-03,Overnight,37-422-2813,Canceled
666,49,2021-01-29,Two-Day,13-183-9765,Shipped
667,253,2023-09-09,Two-Day,05-344-3892,In Transit
668,501,2023-12-03,Express,18-547-7582,Returned
669,171,2023-01-30,Two-Day,64-462-8550,Processing
670,309,2023-11-16,Express,63-904-4542,Delivered
671,166,2018-08-21,Overnight,85-302-7833,Canceled
672,493,2021-06-11,Same-Day,58-013-6568,Delivered
673,448,2019-06-12,Express,88-092-3197,Returned
674,491,2020-03-30,Overnight,94-803-5145,Canceled
675,411,2020-08-12,Standard,15-164-8792,Failed Delivery
676,498,2019-01-25,Standard,06-040-1251,Delivered
677,80,2023-11-26,Two-Day,71-675-3566,In Transit
678,1,2020-09-04,Two-Day,66-205-7566,Returned
679,397,2019-08-04,Same-Day,36-191-8332,Pending
680,67,2020-07-14,Overnight,84-030-6892,Pending
681,547,2023-10-24,Standard,84-317-5107,Canceled
682,44,2018-02-13,In-Store Pickup,41-995-7560,Failed Delivery
683,29,2019-11-10,Express,91-243-6529,Returned
684,345,2018-06-03,Same-Day,91-851-1813,Canceled
685,75,2018-09-09,Overnight,84-315-7492,Canceled
686,155,2018-07-22,Same-Day,09-025-3154,Shipped
687,509,2018-04-28,In-Store Pickup,74-186-7773,Returned
688,219,2022-03-18,Two-Day,80-645-2090,Delayed
689,554,2023-11-11,In-Store Pickup,29-197-6056,Delivered
690,420,2020-03-08,Same-Day,99-982-8117,Delivered
691,182,2019-01-14,Overnight,97-769-6330,Canceled
692,166,2023-03-08,Standard,83-925-6234,Canceled
693,244,2021-04-17,Standard,89-988-6124,Processing
694,403,2020-08-19,Overnight,59-792-3217,Failed Delivery
695,129,2023-06-28,Overnight,32-232-2640,Processing
696,49,2023-07-17,Two-Day,40-889-8531,Delayed
697,595,2020-10-12,Two-Day,82-538-9702,Failed Delivery
698,437,2019-02-05,Overnight,11-550-3904,Delivered
699,542,2021-06-10,Same-Day,45-110-0477,Processing
700,553,2022-10-17,Express,31-674-9542,Returned
701,289,2018-12-18,Express,86-025-4344,Returned
702,372,2022-07-14,Overnight,28-014-0878,In Transit
703,455,2020-07-06,Overnight,95-709-2845,In Transit
704,343,2018-05-04,Overnight,27-729-4463,Pending
705,282,2021-07-09,Overnight,14-546-0307,Returned
706,388,2019-07-21,Overnight,98-329-4708,Shipped
707,119,2020-05-19,Overnight,69-031-8619,Processing
708,479,2018-11-02,Overnight,47-803-2043,Delayed
709,550,2019-02-03,Two-Day,16-193-7071,Processing
710,506,2023-06-23,Standard,79-651-7919,Canceled
711,90,2020-08-14,Two-Day,94-208-0391,Returned
712,449,2021-09-19,Express,34-191-6709,Delayed
713,230,2020-12-24,Same-Day,64-821-4733,Canceled
714,258,2022-06-20,In-Store Pickup,77-779-9244,Delayed
715,56,2023-07-07,Standard,40-774-2605,In Transit
716,85,2019-07-16,Overnight,29-933-2703,Processing
717,246,2020-03-05,In-Store Pickup,07-659-9983,Canceled
718,221,2022-04-28,Express,29-433-2739,Processing
719,135,2018-12-06,Two-Day,79-564-3997,Processing
720,252,2022-03-21,Overnight,88-243-8103,Returned
721,31,2023-07-12,In-Store Pickup,58-092-9688,Delayed
722,387,2023-03-29,In-Store Pickup,85-984-8885,Delayed
723,234,2019-10-21,Same-Day,45-219-8167,Canceled
724,50,2018-10-21,In-Store Pickup,05-771-5479,Failed Delivery
725,147,2022-01-15,In-Store Pickup,68-403-3181,Pending
726,196,2019-06-13,Standard,94-781-0159,Pending
727,127,2019-05-06,In-Store Pickup,92-398-1741,Shipped
728,584,2023-03-05,Express,66-240-9909,Failed Delivery
729,423,2023-10-20,Same-Day,96-924-7284,Processing
730,489,2020-12-04,Same-Day,56-091-4974,Delivered
731,465,2018-10-26,In-Store Pickup,19-095-6678,Failed Delivery
732,417,2023-06-15,Standard,99-592-2061,Delivered
733,224,2018-07-12,Overnight,55-294-5413,Returned
734,540,2022-02-17,Same-Day,67-438-1617,Delivered
735,194,2021-12-19,Two-Day,87-792-8133,Pending
736,448,2020-02-29,Standard,03-331-9237,Canceled
737,55,2019-09-14,Standard,74-895-6750,Failed Delivery
738,176,2018-08-03,Standard,67-918-1674,Processing
739,83,2019-07-05,Same-Day,45-311-4123,Failed Delivery
740,235,2019-04-10,Standard,01-249-0227,Delivered
741,366,2018-09-08,Same-Day,57-023-1240,Delayed
742,198,2019-05-13,Same-Day,89-307-1619,Pending
743,270,2020-06-30,Standard,49-094-6110,Delivered
744,9,2019-05-15,Two-Day,49-794-1212,Pending
745,184,2018-12-09,Standard,71-281-1796,Delayed
746,536,2021-01-06,In-Store Pickup,36-957-9235,Failed Delivery
747,310,2021-06-25,Overnight,80-575-6892,In Transit
748,47,2022-07-25,Standard,79-096-2425,Delayed
749,305,2018-07-10,Express,34-206-6879,Delivered
750,332,2020-07-04,Standard,47-699-4653,Failed Delivery
751,496,2018-08-02,Two-Day,18-756-5195,Shipped
752,92,2019-09-18,Standard,32-904-0954,Processing
753,319,2021-09-29,Same-Day,35-895-9275,Pending
754,520,2020-11-26,Two-Day,81-418-7223,Pending
755,537,2020-09-25,Two-Day,31-128-6583,Returned
756,131,2019-11-28,Same-Day,06-337-6292,Delayed
757,540,2021-12-30,Two-Day,81-920-5085,In Transit
758,577,2018-07-09,Overnight,25-560-6635,Pending
759,525,2021-05-06,Express,66-301-9489,Pending
760,137,2022-12-30,Express,41-915-4275,Shipped
761,37,2023-05-04,Two-Day,04-438-8158,Processing
762,294,2018-05-25,Express,74-902-2516,Canceled
763,471,2021-10-01,In-Store Pickup,34-933-0707,Pending
764,261,2023-06-08,Overnight,25-667-9606,In Transit
765,22,2018-05-27,Overnight,78-424-6204,Pending
766,449,2020-04-21,Standard,30-336-6564,Pending
767,273,2023-10-20,Overnight,90-881-6776,Pending
768,465,2022-03-09,Standard,32-636-6318,Failed Delivery
769,445,2020-04-01,Standard,68-418-4824,Returned
770,199,2018-06-10,Same-Day,14-816-7352,Delivered
771,566,2020-01-25,In-Store Pickup,78-284-5463,Delivered
772,71,2020-01-27,Standard,57-306-2380,Shipped
773,505,2023-08-30,Standard,26-555-3424,In Transit
774,78,2021-09-29,Two-Day,89-054-8624,Returned
775,294,2019-04-11,Two-Day,27-749-6174,Canceled
776,211,2023-03-16,Express,57-129-1766,Failed Delivery
777,515,2021-02-04,Express,87-144-3105,Delivered
778,23,2022-02-02,Standard,49-606-1800,Canceled
779,291,2019-10-17,Overnight,43-090-9543,Delayed
780,414,2018-06-30,Standard,36-364-8609,Failed Delivery
781,317,2021-07-16,Standard,38-490-1704,Canceled
782,83,2023-03-15,In-Store Pickup,93-311-0273,Pending
783,478,2021-02-02,Standard,91-326-5453,Shipped
784,351,2023-09-30,Express,24-749-0696,In Transit
785,504,2021-05-01,Standard,65-074-0276,Delayed
786,51,2023-08-07,Same-Day,20-692-4410,Shipped
787,366,2023-11-25,In-Store Pickup,96-245-0509,In Transit
788,302,2018-02-08,Same-Day,00-727-8457,In Transit
789,195,2020-12-02,Same-Day,63-457-8520,In Transit
790,542,2020-01-04,In-Store Pickup,31-809-7986,Delayed
791,122,2022-10-26,Two-Day,84-176-4029,In Transit
792,281,2022-09-14,Standard,51-666-4168,Returned
793,304,2023-08-25,Express,74-429-0232,Delivered
794,487,2022-04-29,Standard,17-831-7610,Delayed
795,42,2018-02-20,Two-Day,45-516-5980,Pending
796,581,2023-05-18,Standard,18-437-3551,Delivered
797,516,2019-01-24,In-Store Pickup,13-844-9290,Delivered
798,270,2021-10-09,Express,82-376-7814,Delayed
799,43,2019-03-24,Overnight,96-144-2746,Shipped
800,155,2020-05-29,Two-Day,85-250-0716,Canceled
801,431,2018-12-26,Express,72-339-0436,Failed Delivery
802,531,2023-12-06,Same-Day,23-336-2596,Delayed
803,540,2020-01-21,In-Store Pickup,86-854-7478,Delayed
804,372,2020-09-10,Express,84-970-3239,Returned
805,178,2021-12-29,Standard,97-777-3427,Returned
806,187,2019-11-06,Standard,09-860-0392,Delayed
807,471,2019-08-08,Same-Day,04-442-4589,Pending
808,273,2021-11-19,Two-Day,64-227-8531,Pending
809,468,2021-06-14,In-Store Pickup,03-520-8910,Processing
810,277,2023-10-15,Two-Day,72-206-1145,Shipped
811,552,2020-11-22,Standard,18-125-8747,Processing
812,308,2021-10-15,Two-Day,29-779-9091,Processing
813,58,2023-02-22,Overnight,15-181-9500,Canceled
814,251,2021-05-23,Two-Day,65-014-3130,Shipped
815,207,2023-08-14,Overnight,95-925-4804,Failed Delivery
816,14,2023-07-21,In-Store Pickup,61-932-1344,Pending
817,205,2018-09-09,In-Store Pickup,56-426-4055,Delayed
818,91,2019-09-02,Standard,55-177-2373,Delayed
819,324,2020-06-21,Express,15-212-6966,Failed Delivery
820,337,2023-05-09,In-Store Pickup,00-842-7531,Processing
821,160,2019-11-22,Overnight,87-248-1701,Delayed
822,245,2021-06-19,Express,15-735-2657,Pending
823,576,2020-05-08,Express,03-709-0701,Pending
824,163,2020-03-26,Standard,19-436-7053,Canceled
825,202,2022-08-21,Standard,97-206-2327,In Transit
826,203,2020-12-05,Same-Day,42-880-7816,Canceled
827,570,2018-10-03,Overnight,17-237-3305,Failed Delivery
828,446,2019-09-13,Express,28-208-8588,Pending
829,72,2021-10-01,Same-Day,74-158-1080,Returned
830,502,2020-10-20,Standard,54-881-0887,Shipped
831,17,2021-04-04,Standard,70-534-0072,Delayed
832,337,2023-10-26,In-Store Pickup,38-874-4802,Failed Delivery
833,429,2022-02-08,In-Store Pickup,67-482-4689,Canceled
834,277,2020-07-22,Standard,95-130-2151,In Transit
835,92,2020-04-20,Two-Day,27-651-8308,Returned
836,504,2022-01-04,Standard,34-386-7194,Processing
837,419,2021-05-26,Express,21-614-2290,In Transit
838,16,2020-01-19,Express,45-417-7126,Pending
839,49,2020-12-12,Express,10-004-2889,Returned
840,466,2018-01-21,Two-Day,62-981-8358,In Transit
841,359,2020-01-20,Express,56-556-4340,Pending
842,79,2018-05-07,Standard,03-408-7977,Shipped
843,557,2020-05-30,In-Store Pickup,66-532-8902,Shipped
844,421,2019-06-09,In-Store Pickup,95-096-4190,Failed Delivery
845,116,2019-03-26,Express,73-080-7874,In Transit
846,409,2020-10-28,Same-Day,36-506-3738,Delivered
847,71,2019-05-06,Standard,19-367-9290,Failed Delivery
848,480,2022-02-15,Same-Day,81-146-7278,Delayed
849,435,2020-12-28,Express,95-562-3705,Shipped
850,398,2022-04-24,Two-Day,94-643-8643,Returned
851,461,2023-10-03,Two-Day,75-914-6685,Canceled
852,455,2019-08-13,Two-Day,17-892-6706,Failed Delivery
853,322,2023-08-07,Overnight,82-695-4744,Failed Delivery
854,14,2019-02-03,Express,66-709-1067,Failed Delivery
855,339,2021-09-09,Overnight,58-758-8712,In Transit
856,426,2021-12-13,Standard,86-451-6546,Delivered
857,402,2020-09-01,Express,46-112-1476,Failed Delivery
858,187,2022-01-16,Express,09-412-3841,Delayed
859,12,2022-07-16,Express,34-464-3660,Delivered
860,235,2022-08-31,In-Store Pickup,99-137-0428,Processing
861,190,2019-04-04,Two-Day,53-677-5350,Shipped
862,379,2022-11-22,In-Store Pickup,35-241-0827,Delayed
863,291,2022-09-11,Two-Day,47-419-0234,Canceled
864,378,2021-04-16,Express,23-290-8726,Delayed
865,149,2022-03-30,Standard,24-397-6209,Delivered
866,55,2019-01-30,Express,61-124-9238,Delayed
867,282,2019-03-14,Overnight,79-964-0276,Processing
868,186,2022-11-23,Two-Day,51-408-3943,Failed Delivery
869,119,2022-05-07,Express,43-720-3593,Returned
870,551,2019-12-27,Express,13-587-5144,Delayed
871,162,2020-07-16,Overnight,88-074-5369,Processing
872,309,2018-07-24,Same-Day,00-466-1314,Returned
873,21,2022-08-30,Express,91-185-1763,In Transit
874,260,2022-01-27,Standard,15-983-4820,Failed Delivery
875,67,2018-10-08,Same-Day,93-392-2463,Processing
876,50,2018-05-09,Overnight,53-677-5366,Shipped
877,419,2019-06-17,In-Store Pickup,26-911-4758,Returned
878,280,2021-03-05,In-Store Pickup,67-527-6420,Delivered
879,576,2022-04-17,Overnight,06-764-3819,Pending
880,381,2022-12-05,Express,39-712-0438,Shipped
881,330,2020-04-19,Standard,31-247-5704,In Transit
882,163,2018-10-26,Standard,74-325-2024,Returned
883,37,2019-07-18,In-Store Pickup,27-753-8106,Pending
884,429,2021-11-17,Standard,51-414-1945,Shipped
885,18,2021-03-04,Express,64-509-5721,Processing
886,573,2023-08-06,Two-Day,54-010-6945,Pending
887,40,2022-05-16,In-Store Pickup,98-053-6237,Delayed
888,420,2022-04-26,Same-Day,24-389-5148,Delivered
889,213,2021-09-06,Standard,26-316-6311,Returned
890,525,2023-01-21,In-Store Pickup,69-671-1826,Failed Delivery
891,524,2021-01-14,Same-Day,96-251-0204,In Transit
892,504,2020-12-05,Same-Day,35-423-0748,Pending
893,29,2020-08-18,In-Store Pickup,90-446-3519,Returned
894,254,2020-12-31,Standard,87-613-5391,Shipped
895,506,2022-07-26,Same-Day,06-549-7005,Failed Delivery
896,188,2019-08-28,Standard,55-332-9638,Delayed
897,381,2019-11-17,Same-Day,62-331-5121,In Transit
898,541,2021-05-05,In-Store Pickup,99-169-3006,Processing
899,528,2019-10-21,In-Store Pickup,42-110-6270,Delivered
900,349,2018-07-10,Standard,27-524-3233,Processing
901,79,2021-10-09,Standard,47-379-4522,Returned
902,278,2021-06-11,Overnight,94-794-0178,Returned
903,411,2021-02-27,In-Store Pickup,41-958-2342,Delayed
904,242,2019-03-28,In-Store Pickup,95-379-9816,In Transit
905,478,2022-02-04,Two-Day,93-591-4768,Failed Delivery
906,532,2019-06-19,Standard,06-619-6140,Delayed
907,199,2019-04-21,Same-Day,29-645-9682,Failed Delivery
908,358,2020-06-04,In-Store Pickup,01-594-5787,Delayed
909,478,2021-03-09,Express,80-722-7916,Shipped
910,493,2021-12-27,Express,45-111-2692,Returned
911,405,2021-01-26,Two-Day,96-084-8811,Delayed
912,372,2021-12-17,Two-Day,14-363-5974,Delivered
913,493,2023-12-01,Express,95-652-1780,Shipped
914,155,2019-10-17,In-Store Pickup,95-932-2528,Delivered
915,261,2018-07-31,Overnight,45-747-0967,Returned
916,600,2019-11-06,Overnight,28-251-9220,Processing
917,347,2020-04-20,Two-Day,45-941-3148,Processing
918,600,2020-07-07,In-Store Pickup,55-951-4204,Processing
919,331,2019-03-14,Two-Day,38-175-1124,Canceled
920,433,2022-03-12,In-Store Pickup,10-842-6719,Delayed
921,26,2018-08-11,Same-Day,01-016-9383,Delivered
922,234,2021-10-17,Express,49-264-3005,Delivered
923,91,2020-07-22,Express,89-226-9439,In Transit
924,42,2020-08-25,Two-Day,97-964-8145,Shipped
925,83,2019-08-29,Two-Day,56-428-3374,Pending
926,300,2022-11-07,Express,50-927-9256,Returned
927,346,2022-06-01,Express,01-207-8379,Pending
928,50,2021-10-10,Standard,83-085-9931,Processing
929,111,2021-12-16,In-Store Pickup,67-085-4689,In Transit
930,85,2018-01-31,Same-Day,88-795-3430,Shipped
931,337,2020-11-06,Overnight,92-166-5124,Delivered
932,196,2021-11-10,Standard,55-862-9626,Pending
933,162,2022-07-06,Standard,42-977-8808,Processing
934,403,2018-11-05,Same-Day,77-151-9125,Processing
935,503,2021-06-11,Overnight,41-287-5430,In Transit
936,19,2023-04-29,Same-Day,08-232-0533,Delivered
937,286,2018-05-17,In-Store Pickup,08-960-9508,Failed Delivery
938,121,2022-01-10,Standard,67-722-5462,Canceled
939,532,2021-01-12,Standard,69-338-4187,Failed Delivery
940,168,2019-08-28,Standard,21-369-0032,Delivered
941,480,2023-11-28,Overnight,27-977-2484,Processing
942,291,2022-08-12,In-Store Pickup,46-671-6523,Delayed
943,433,2021-08-25,Two-Day,25-916-0472,In Transit
944,475,2019-02-18,Express,79-673-8489,In Transit
945,3,2021-05-30,Same-Day,93-214-3267,Canceled
946,107,2021-12-24,Express,95-985-1266,Delivered
947,330,2022-06-28,Same-Day,27-929-9823,In Transit
948,546,2021-06-28,In-Store Pickup,85-797-9657,Processing
949,118,2019-10-17,Standard,42-750-0854,Failed Delivery
950,117,2018-11-20,Overnight,24-226-4959,Delivered
951,321,2018-12-19,Standard,77-861-8173,Delayed
952,206,2019-06-06,Two-Day,50-008-9342,Failed Delivery
953,64,2018-08-11,Overnight,96-208-3473,Returned
954,138,2023-04-13,Standard,60-671-7279,Delivered
955,504,2022-01-09,Standard,89-907-6289,Processing
956,81,2020-07-03,Two-Day,08-485-2886,In Transit
957,334,2023-04-18,Overnight,58-572-7010,Delivered
958,343,2020-11-21,Same-Day,73-301-7011,Failed Delivery
959,411,2023-03-25,Express,60-156-2301,Delayed
960,514,2021-11-10,Standard,50-202-3066,Processing
961,565,2023-10-30,Same-Day,24-563-9404,Delivered
962,597,2019-07-30,Two-Day,64-123-5655,Pending
963,501,2020-04-06,In-Store Pickup,79-058-5003,Canceled
964,222,2019-02-10,In-Store Pickup,36-132-3308,Returned
965,284,2022-06-29,Two-Day,10-680-4253,Canceled
966,583,2020-04-24,Two-Day,64-455-4912,Pending
967,136,2019-07-19,Same-Day,89-141-9613,Shipped
968,284,2021-09-30,In-Store Pickup,60-010-3086,Delayed
969,432,2020-10-26,In-Store Pickup,41-252-6905,Failed Delivery
970,432,2020-10-06,Express,71-663-0189,In Transit
971,45,2023-09-15,Overnight,31-763-7109,Failed Delivery
972,3,2023-09-25,Express,19-601-0820,Delayed
973,564,2023-07-28,Express,99-034-7868,Delayed
974,193,2019-03-15,In-Store Pickup,86-666-1144,Delivered
975,304,2020-04-18,In-Store Pickup,90-343-8747,Processing
976,119,2020-01-18,Same-Day,73-048-8254,Canceled
977,415,2018-04-07,Standard,20-078-8542,Shipped
978,542,2019-01-09,Express,47-629-5704,Canceled
979,474,2022-10-06,Same-Day,99-214-4969,Returned
980,327,2018-01-17,Same-Day,56-323-5297,Pending
981,172,2020-12-31,Standard,25-083-4332,Processing
982,450,2021-03-18,Express,44-309-4127,Canceled
983,290,2018-08-08,Standard,39-942-5300,Returned
984,263,2022-08-26,Two-Day,05-278-5814,Pending
985,55,2021-06-30,Two-Day,12-040-8351,Returned
986,401,2021-10-23,In-Store Pickup,69-813-9006,Shipped
987,7,2021-02-06,Express,48-635-0787,In Transit
988,231,2023-09-11,Two-Day,22-096-2026,Pending
989,220,2023-02-12,In-Store Pickup,26-863-2547,Shipped
990,600,2018-01-28,Overnight,79-895-8882,Canceled
991,511,2018-08-18,Standard,65-269-7994,Returned
992,62,2018-04-30,Same-Day,56-603-9541,Pending
993,561,2022-11-19,Standard,85-022-4732,Delivered
994,430,2021-04-10,In-Store Pickup,19-831-0085,Delivered
995,192,2022-02-23,Two-Day,73-130-3354,Processing
996,80,2020-07-18,Express,82-603-9648,Returned
997,139,2022-03-27,Overnight,63-740-1459,Failed Delivery
998,368,2019-01-31,Express,64-494-9619,Shipped
999,325,2021-12-08,Two-Day,65-938-0508,Delivered
1000,442,2019-07-25,Standard,04-428-3625,Canceled
